Date,Time,Activity,Domain,Target Skill,"Prompt Level (0=None, 1=Minimal, 2=Verbal, 3=Full Physical)","Success (1=Yes, 0=No)",Behavior Triggered,"Duration (if behavior, in minutes)",Coping Strategy Used,"Mood Rating (1=Very Upset, 2=Frustrated 3=neutral, 4=Happy)",Notes,Reinforcement Given,Therapist Goal Link,Home Goal Link
2025-10-05,Morning,Getting dressed,Daily Living,Dress independently,1,1,,,Deep breathing,3,Needed small prompt.,Verbal praise,,
2025-10-05,Afternoon,Snack time,Communication,Request items with words,2,1,,,,4,Asked for snack with 2-word phrase.,Snack reward,,
2025-10-05,Evening,Transition to bed,Behavior,Transition calmly,3,0,Refusal,5,Weighted blanket,2,Cried and needed redirection.,Sensory reward,,
,,,,,,,,,,,,,,
,,,,,,,,,,,,,,
,,,,,,,,,,,,,,
,,,,,,,,,,,,,,
,,,,,,,,,,,,,,
,,,,,,,,,,,,,,
,,,,,,,,,,,,,,
,,,,,,,,,,,,,,
,,,,,,,,,,,,,,
,,,,,,,,,,,,,,
,,,,,,,,,,,,,,
,,,,,,,,,,,,,,
,,,,,,,,,,,,,,
,,,,,,,,,,,,,,
,,,,,,,,,,,,,,
,,,,,,,,,,,,,,
,,,,,,,,,,,,,,
,,,,,,,,,,,,,,
,,,,,,,,,,,,,,

